<?xml version="1.0" encoding="UTF-8"?>
<project-private xmlns="http://www.netbeans.org/ns/project-private/1">
    <editor-bookmarks xmlns="http://www.netbeans.org/ns/editor-bookmarks/2" lastBookmarkId="0"/>
    <open-files xmlns="http://www.netbeans.org/ns/projectui-open-files/1">
        <file>file:/C:/Users/MeghaVinay/Desktop/MP2/src/driver/Mp2.java</file>
        <file>file:/C:/Users/MeghaVinay/Desktop/MP2/src/domain/util/Utilities.java</file>
        <file>file:/C:/Users/MeghaVinay/Desktop/MP2/src/domain/DataAnalyticsResult.java</file>
        <file>file:/C:/Users/MeghaVinay/Desktop/MP2/src/domain/DaylightRecord.java</file>
        <file>file:/C:/Users/MeghaVinay/Desktop/MP2/src/domain/Record.java</file>
        <file>file:/C:/Users/MeghaVinay/Desktop/MP2/src/domain/PersistentObject.java</file>
        <file>file:/C:/Users/MeghaVinay/Desktop/MP2/src/domain/SummerSolstice.java</file>
        <file>file:/C:/Users/MeghaVinay/Desktop/MP2/src/domain/VernalandAutumnalEquinox.java</file>
        <file>file:/C:/Users/MeghaVinay/Desktop/MP2/src/domain/WinterSolstice.java</file>
        <file>file:/C:/Users/MeghaVinay/Desktop/MP2/data/daylightRecords.txt</file>
    </open-files>
</project-private>
