Products for W region : 
ProductMessage{product=Product{PRODUCT_ID=986420, MANUFACTURER_ID=19955656, PRODUCT_CODE=SW, PURCHASE_COST=49.95, QUANTITY_ON_HAND=0, MARKUP=5.25, AVAILABLE=FALSE, DESCRIPTION= Directory Server}, timestamp=Sun Apr 14 18:50:16 CDT 2013, regionID=W}
ProductMessage{product=Product{PRODUCT_ID=986712, MANUFACTURER_ID=19989719, PRODUCT_CODE=HW, PURCHASE_COST=69.95, QUANTITY_ON_HAND=1000, MARKUP=10.5, AVAILABLE=TRUE, DESCRIPTION= 512X IDE DVD-ROM}, timestamp=Sun Apr 14 18:50:20 CDT 2013, regionID=W}
ProductMessage{product=Product{PRODUCT_ID=985510, MANUFACTURER_ID=19984899, PRODUCT_CODE=HW, PURCHASE_COST=595.0, QUANTITY_ON_HAND=800, MARKUP=5.75, AVAILABLE=TRUE, DESCRIPTION= 24 inch Digital Monitor}, timestamp=Sun Apr 14 18:50:21 CDT 2013, regionID=W}
ProductMessage{product=Product{PRODUCT_ID=980032, MANUFACTURER_ID=19978451, PRODUCT_CODE=FW, PURCHASE_COST=39.95, QUANTITY_ON_HAND=50, MARKUP=25.5, AVAILABLE=TRUE, DESCRIPTION= Sound Card}, timestamp=Sun Apr 14 18:50:22 CDT 2013, regionID=W}
ProductMessage{product=Product{PRODUCT_ID=978495, MANUFACTURER_ID=19977348, PRODUCT_CODE=BK, PURCHASE_COST=24.99, QUANTITY_ON_HAND=0, MARKUP=1.0, AVAILABLE=FALSE, DESCRIPTION= Writing Web Service Applications}, timestamp=Sun Apr 14 18:50:25 CDT 2013, regionID=W}
ProductMessage{product=Product{PRODUCT_ID=980001, MANUFACTURER_ID=19985678, PRODUCT_CODE=SW, PURCHASE_COST=1095.0, QUANTITY_ON_HAND=800000, MARKUP=8.25, AVAILABLE=TRUE, DESCRIPTION= Identity Server}, timestamp=Sun Apr 14 18:50:26 CDT 2013, regionID=W}
ProductMessage{product=Product{PRODUCT_ID=980500, MANUFACTURER_ID=19980198, PRODUCT_CODE=BK, PURCHASE_COST=29.95, QUANTITY_ON_HAND=1000, MARKUP=33.0, AVAILABLE=TRUE, DESCRIPTION= Learn NetBeans}, timestamp=Sun Apr 14 18:50:27 CDT 2013, regionID=W}
ProductMessage{product=Product{PRODUCT_ID=978494, MANUFACTURER_ID=19977347, PRODUCT_CODE=BK, PURCHASE_COST=18.95, QUANTITY_ON_HAND=43, MARKUP=4.0, AVAILABLE=TRUE, DESCRIPTION= Learn Java in 1/2 hour}, timestamp=Sun Apr 14 18:50:28 CDT 2013, regionID=W}
ProductMessage{product=Product{PRODUCT_ID=978495, MANUFACTURER_ID=19977348, PRODUCT_CODE=BK, PURCHASE_COST=24.99, QUANTITY_ON_HAND=0, MARKUP=1.0, AVAILABLE=FALSE, DESCRIPTION= Writing Web Service Applications}, timestamp=Sun Apr 14 18:50:30 CDT 2013, regionID=W}
ProductMessage{product=Product{PRODUCT_ID=980001, MANUFACTURER_ID=19985678, PRODUCT_CODE=SW, PURCHASE_COST=1095.0, QUANTITY_ON_HAND=800000, MARKUP=8.25, AVAILABLE=TRUE, DESCRIPTION= Identity Server}, timestamp=Sun Apr 14 18:50:34 CDT 2013, regionID=W}
ProductMessage{product=Product{PRODUCT_ID=988765, MANUFACTURER_ID=19965794, PRODUCT_CODE=HW, PURCHASE_COST=10.95, QUANTITY_ON_HAND=25, MARKUP=9.75, AVAILABLE=TRUE, DESCRIPTION= 104-Key Keyboard}, timestamp=Sun Apr 14 18:50:35 CDT 2013, regionID=W}
ProductMessage{product=Product{PRODUCT_ID=980005, MANUFACTURER_ID=19986982, PRODUCT_CODE=SW, PURCHASE_COST=11500.99, QUANTITY_ON_HAND=500, MARKUP=55.25, AVAILABLE=TRUE, DESCRIPTION= Accounting Application}, timestamp=Sun Apr 14 18:50:38 CDT 2013, regionID=W}
ProductMessage{product=Product{PRODUCT_ID=978495, MANUFACTURER_ID=19977348, PRODUCT_CODE=BK, PURCHASE_COST=24.99, QUANTITY_ON_HAND=0, MARKUP=1.0, AVAILABLE=FALSE, DESCRIPTION= Writing Web Service Applications}, timestamp=Sun Apr 14 18:50:40 CDT 2013, regionID=W}
ProductMessage{product=Product{PRODUCT_ID=980601, MANUFACTURER_ID=19971233, PRODUCT_CODE=HW, PURCHASE_COST=2000.95, QUANTITY_ON_HAND=2000, MARKUP=25.0, AVAILABLE=TRUE, DESCRIPTION= 300Mhz Pentium Computer}, timestamp=Sun Apr 14 18:50:41 CDT 2013, regionID=W}
ProductMessage{product=Product{PRODUCT_ID=986710, MANUFACTURER_ID=19982461, PRODUCT_CODE=CB, PURCHASE_COST=15.98, QUANTITY_ON_HAND=400, MARKUP=30.0, AVAILABLE=TRUE, DESCRIPTION= Printer Cable}, timestamp=Sun Apr 14 18:50:42 CDT 2013, regionID=W}
ProductMessage{product=Product{PRODUCT_ID=980025, MANUFACTURER_ID=19974892, PRODUCT_CODE=HW, PURCHASE_COST=2095.99, QUANTITY_ON_HAND=3000, MARKUP=15.75, AVAILABLE=TRUE, DESCRIPTION= 1Ghz Sun Blade Computer}, timestamp=Sun Apr 14 18:50:44 CDT 2013, regionID=W}
ProductMessage{product=Product{PRODUCT_ID=964025, MANUFACTURER_ID=19963322, PRODUCT_CODE=SW, PURCHASE_COST=209.95, QUANTITY_ON_HAND=300, MARKUP=41.0, AVAILABLE=TRUE, DESCRIPTION= Jax WS Application Development Environment}, timestamp=Sun Apr 14 18:50:46 CDT 2013, regionID=W}
ProductMessage{product=Product{PRODUCT_ID=978494, MANUFACTURER_ID=19977347, PRODUCT_CODE=BK, PURCHASE_COST=18.95, QUANTITY_ON_HAND=43, MARKUP=4.0, AVAILABLE=TRUE, DESCRIPTION= Learn Java in 1/2 hour}, timestamp=Sun Apr 14 18:50:47 CDT 2013, regionID=W}
ProductMessage{product=Product{PRODUCT_ID=986420, MANUFACTURER_ID=19955656, PRODUCT_CODE=SW, PURCHASE_COST=49.95, QUANTITY_ON_HAND=0, MARKUP=5.25, AVAILABLE=FALSE, DESCRIPTION= Directory Server}, timestamp=Sun Apr 14 18:50:49 CDT 2013, regionID=W}
ProductMessage{product=Product{PRODUCT_ID=964025, MANUFACTURER_ID=19963322, PRODUCT_CODE=SW, PURCHASE_COST=209.95, QUANTITY_ON_HAND=300, MARKUP=41.0, AVAILABLE=TRUE, DESCRIPTION= Jax WS Application Development Environment}, timestamp=Sun Apr 14 18:50:49 CDT 2013, regionID=W}
ProductMessage{product=Product{PRODUCT_ID=978493, MANUFACTURER_ID=19977346, PRODUCT_CODE=BK, PURCHASE_COST=19.95, QUANTITY_ON_HAND=100, MARKUP=5.0, AVAILABLE=TRUE, DESCRIPTION= Client Server Testing}, timestamp=Sun Apr 14 18:50:51 CDT 2013, regionID=W}
ProductMessage{product=Product{PRODUCT_ID=975789, MANUFACTURER_ID=19977775, PRODUCT_CODE=BK, PURCHASE_COST=29.98, QUANTITY_ON_HAND=25, MARKUP=5.0, AVAILABLE=TRUE, DESCRIPTION= Learn Solaris 10}, timestamp=Sun Apr 14 18:50:52 CDT 2013, regionID=W}
ProductMessage{product=Product{PRODUCT_ID=988765, MANUFACTURER_ID=19965794, PRODUCT_CODE=HW, PURCHASE_COST=10.95, QUANTITY_ON_HAND=25, MARKUP=9.75, AVAILABLE=TRUE, DESCRIPTION= 104-Key Keyboard}, timestamp=Sun Apr 14 18:50:53 CDT 2013, regionID=W}
ProductMessage{product=Product{PRODUCT_ID=978494, MANUFACTURER_ID=19977347, PRODUCT_CODE=BK, PURCHASE_COST=18.95, QUANTITY_ON_HAND=43, MARKUP=4.0, AVAILABLE=TRUE, DESCRIPTION= Learn Java in 1/2 hour}, timestamp=Sun Apr 14 18:50:53 CDT 2013, regionID=W}
ProductMessage{product=Product{PRODUCT_ID=980032, MANUFACTURER_ID=19978451, PRODUCT_CODE=FW, PURCHASE_COST=39.95, QUANTITY_ON_HAND=50, MARKUP=25.5, AVAILABLE=TRUE, DESCRIPTION= Sound Card}, timestamp=Sun Apr 14 18:50:54 CDT 2013, regionID=W}
ProductMessage{product=Product{PRODUCT_ID=980032, MANUFACTURER_ID=19978451, PRODUCT_CODE=FW, PURCHASE_COST=39.95, QUANTITY_ON_HAND=50, MARKUP=25.5, AVAILABLE=TRUE, DESCRIPTION= Sound Card}, timestamp=Sun Apr 14 18:50:54 CDT 2013, regionID=W}
ProductMessage{product=Product{PRODUCT_ID=985510, MANUFACTURER_ID=19984899, PRODUCT_CODE=HW, PURCHASE_COST=595.0, QUANTITY_ON_HAND=800, MARKUP=5.75, AVAILABLE=TRUE, DESCRIPTION= 24 inch Digital Monitor}, timestamp=Sun Apr 14 18:50:58 CDT 2013, regionID=W}
ProductMessage{product=Product{PRODUCT_ID=980500, MANUFACTURER_ID=19980198, PRODUCT_CODE=BK, PURCHASE_COST=29.95, QUANTITY_ON_HAND=1000, MARKUP=33.0, AVAILABLE=TRUE, DESCRIPTION= Learn NetBeans}, timestamp=Sun Apr 14 18:50:59 CDT 2013, regionID=W}
ProductMessage{product=Product{PRODUCT_ID=971266, MANUFACTURER_ID=19948494, PRODUCT_CODE=CB, PURCHASE_COST=25.95, QUANTITY_ON_HAND=500, MARKUP=30.0, AVAILABLE=TRUE, DESCRIPTION= Network Cable}, timestamp=Sun Apr 14 18:51:00 CDT 2013, regionID=W}
ProductMessage{product=Product{PRODUCT_ID=980032, MANUFACTURER_ID=19978451, PRODUCT_CODE=FW, PURCHASE_COST=39.95, QUANTITY_ON_HAND=50, MARKUP=25.5, AVAILABLE=TRUE, DESCRIPTION= Sound Card}, timestamp=Sun Apr 14 18:51:00 CDT 2013, regionID=W}
ProductMessage{product=Product{PRODUCT_ID=988765, MANUFACTURER_ID=19965794, PRODUCT_CODE=HW, PURCHASE_COST=10.95, QUANTITY_ON_HAND=25, MARKUP=9.75, AVAILABLE=TRUE, DESCRIPTION= 104-Key Keyboard}, timestamp=Sun Apr 14 18:51:01 CDT 2013, regionID=W}
ProductMessage{product=Product{PRODUCT_ID=964025, MANUFACTURER_ID=19963322, PRODUCT_CODE=SW, PURCHASE_COST=209.95, QUANTITY_ON_HAND=300, MARKUP=41.0, AVAILABLE=TRUE, DESCRIPTION= Jax WS Application Development Environment}, timestamp=Sun Apr 14 18:51:01 CDT 2013, regionID=W}
ProductMessage{product=Product{PRODUCT_ID=978495, MANUFACTURER_ID=19977348, PRODUCT_CODE=BK, PURCHASE_COST=24.99, QUANTITY_ON_HAND=0, MARKUP=1.0, AVAILABLE=FALSE, DESCRIPTION= Writing Web Service Applications}, timestamp=Sun Apr 14 18:51:01 CDT 2013, regionID=W}
ProductMessage{product=Product{PRODUCT_ID=980030, MANUFACTURER_ID=19986196, PRODUCT_CODE=FW, PURCHASE_COST=59.95, QUANTITY_ON_HAND=250, MARKUP=40.0, AVAILABLE=TRUE, DESCRIPTION= 10Gb Ram}, timestamp=Sun Apr 14 18:51:02 CDT 2013, regionID=W}
ProductMessage{product=Product{PRODUCT_ID=978494, MANUFACTURER_ID=19977347, PRODUCT_CODE=BK, PURCHASE_COST=18.95, QUANTITY_ON_HAND=43, MARKUP=4.0, AVAILABLE=TRUE, DESCRIPTION= Learn Java in 1/2 hour}, timestamp=Sun Apr 14 18:51:04 CDT 2013, regionID=W}
ProductMessage{product=Product{PRODUCT_ID=971266, MANUFACTURER_ID=19948494, PRODUCT_CODE=CB, PURCHASE_COST=25.95, QUANTITY_ON_HAND=500, MARKUP=30.0, AVAILABLE=TRUE, DESCRIPTION= Network Cable}, timestamp=Sun Apr 14 18:51:07 CDT 2013, regionID=W}
ProductMessage{product=Product{PRODUCT_ID=978494, MANUFACTURER_ID=19977347, PRODUCT_CODE=BK, PURCHASE_COST=18.95, QUANTITY_ON_HAND=43, MARKUP=4.0, AVAILABLE=TRUE, DESCRIPTION= Learn Java in 1/2 hour}, timestamp=Sun Apr 14 18:51:09 CDT 2013, regionID=W}
ProductMessage{product=Product{PRODUCT_ID=980002, MANUFACTURER_ID=19960022, PRODUCT_CODE=MS, PURCHASE_COST=75.0, QUANTITY_ON_HAND=0, MARKUP=12.0, AVAILABLE=FALSE, DESCRIPTION= Corporate Expense Survey}, timestamp=Sun Apr 14 18:51:10 CDT 2013, regionID=W}
ProductMessage{product=Product{PRODUCT_ID=980030, MANUFACTURER_ID=19986196, PRODUCT_CODE=FW, PURCHASE_COST=59.95, QUANTITY_ON_HAND=250, MARKUP=40.0, AVAILABLE=TRUE, DESCRIPTION= 10Gb Ram}, timestamp=Sun Apr 14 18:51:11 CDT 2013, regionID=W}
ProductMessage{product=Product{PRODUCT_ID=978493, MANUFACTURER_ID=19977346, PRODUCT_CODE=BK, PURCHASE_COST=19.95, QUANTITY_ON_HAND=100, MARKUP=5.0, AVAILABLE=TRUE, DESCRIPTION= Client Server Testing}, timestamp=Sun Apr 14 18:51:12 CDT 2013, regionID=W}
ProductMessage{product=Product{PRODUCT_ID=978493, MANUFACTURER_ID=19977346, PRODUCT_CODE=BK, PURCHASE_COST=19.95, QUANTITY_ON_HAND=100, MARKUP=5.0, AVAILABLE=TRUE, DESCRIPTION= Client Server Testing}, timestamp=Sun Apr 14 18:51:12 CDT 2013, regionID=W}
ProductMessage{product=Product{PRODUCT_ID=980031, MANUFACTURER_ID=19986542, PRODUCT_CODE=SW, PURCHASE_COST=595.95, QUANTITY_ON_HAND=75, MARKUP=14.0, AVAILABLE=TRUE, DESCRIPTION= Sun Studio C++}, timestamp=Sun Apr 14 18:51:12 CDT 2013, regionID=W}
ProductMessage{product=Product{PRODUCT_ID=986712, MANUFACTURER_ID=19989719, PRODUCT_CODE=HW, PURCHASE_COST=69.95, QUANTITY_ON_HAND=1000, MARKUP=10.5, AVAILABLE=TRUE, DESCRIPTION= 512X IDE DVD-ROM}, timestamp=Sun Apr 14 18:51:13 CDT 2013, regionID=W}
ProductMessage{product=Product{PRODUCT_ID=964025, MANUFACTURER_ID=19963322, PRODUCT_CODE=SW, PURCHASE_COST=209.95, QUANTITY_ON_HAND=300, MARKUP=41.0, AVAILABLE=TRUE, DESCRIPTION= Jax WS Application Development Environment}, timestamp=Sun Apr 14 18:51:16 CDT 2013, regionID=W}
ProductMessage{product=Product{PRODUCT_ID=986712, MANUFACTURER_ID=19989719, PRODUCT_CODE=HW, PURCHASE_COST=69.95, QUANTITY_ON_HAND=1000, MARKUP=10.5, AVAILABLE=TRUE, DESCRIPTION= 512X IDE DVD-ROM}, timestamp=Sun Apr 14 18:51:18 CDT 2013, regionID=W}
ProductMessage{product=Product{PRODUCT_ID=980601, MANUFACTURER_ID=19971233, PRODUCT_CODE=HW, PURCHASE_COST=2000.95, QUANTITY_ON_HAND=2000, MARKUP=25.0, AVAILABLE=TRUE, DESCRIPTION= 300Mhz Pentium Computer}, timestamp=Sun Apr 14 18:51:19 CDT 2013, regionID=W}
ProductMessage{product=Product{PRODUCT_ID=986712, MANUFACTURER_ID=19989719, PRODUCT_CODE=HW, PURCHASE_COST=69.95, QUANTITY_ON_HAND=1000, MARKUP=10.5, AVAILABLE=TRUE, DESCRIPTION= 512X IDE DVD-ROM}, timestamp=Sun Apr 14 18:51:20 CDT 2013, regionID=W}
ProductMessage{product=Product{PRODUCT_ID=980005, MANUFACTURER_ID=19986982, PRODUCT_CODE=SW, PURCHASE_COST=11500.99, QUANTITY_ON_HAND=500, MARKUP=55.25, AVAILABLE=TRUE, DESCRIPTION= Accounting Application}, timestamp=Sun Apr 14 18:51:21 CDT 2013, regionID=W}
ProductMessage{product=Product{PRODUCT_ID=980001, MANUFACTURER_ID=19985678, PRODUCT_CODE=SW, PURCHASE_COST=1095.0, QUANTITY_ON_HAND=800000, MARKUP=8.25, AVAILABLE=TRUE, DESCRIPTION= Identity Server}, timestamp=Sun Apr 14 18:51:27 CDT 2013, regionID=W}
ProductMessage{product=Product{PRODUCT_ID=980032, MANUFACTURER_ID=19978451, PRODUCT_CODE=FW, PURCHASE_COST=39.95, QUANTITY_ON_HAND=50, MARKUP=25.5, AVAILABLE=TRUE, DESCRIPTION= Sound Card}, timestamp=Sun Apr 14 18:51:28 CDT 2013, regionID=W}
ProductMessage{product=Product{PRODUCT_ID=975789, MANUFACTURER_ID=19977775, PRODUCT_CODE=BK, PURCHASE_COST=29.98, QUANTITY_ON_HAND=25, MARKUP=5.0, AVAILABLE=TRUE, DESCRIPTION= Learn Solaris 10}, timestamp=Sun Apr 14 18:51:28 CDT 2013, regionID=W}
ProductMessage{product=Product{PRODUCT_ID=978494, MANUFACTURER_ID=19977347, PRODUCT_CODE=BK, PURCHASE_COST=18.95, QUANTITY_ON_HAND=43, MARKUP=4.0, AVAILABLE=TRUE, DESCRIPTION= Learn Java in 1/2 hour}, timestamp=Sun Apr 14 18:51:29 CDT 2013, regionID=W}
ProductMessage{product=Product{PRODUCT_ID=980030, MANUFACTURER_ID=19986196, PRODUCT_CODE=FW, PURCHASE_COST=59.95, QUANTITY_ON_HAND=250, MARKUP=40.0, AVAILABLE=TRUE, DESCRIPTION= 10Gb Ram}, timestamp=Sun Apr 14 18:51:33 CDT 2013, regionID=W}
ProductMessage{product=Product{PRODUCT_ID=980500, MANUFACTURER_ID=19980198, PRODUCT_CODE=BK, PURCHASE_COST=29.95, QUANTITY_ON_HAND=1000, MARKUP=33.0, AVAILABLE=TRUE, DESCRIPTION= Learn NetBeans}, timestamp=Sun Apr 14 18:51:33 CDT 2013, regionID=W}
ProductMessage{product=Product{PRODUCT_ID=978495, MANUFACTURER_ID=19977348, PRODUCT_CODE=BK, PURCHASE_COST=24.99, QUANTITY_ON_HAND=0, MARKUP=1.0, AVAILABLE=FALSE, DESCRIPTION= Writing Web Service Applications}, timestamp=Sun Apr 14 18:51:35 CDT 2013, regionID=W}
ProductMessage{product=Product{PRODUCT_ID=980500, MANUFACTURER_ID=19980198, PRODUCT_CODE=BK, PURCHASE_COST=29.95, QUANTITY_ON_HAND=1000, MARKUP=33.0, AVAILABLE=TRUE, DESCRIPTION= Learn NetBeans}, timestamp=Sun Apr 14 18:51:37 CDT 2013, regionID=W}
ProductMessage{product=Product{PRODUCT_ID=985510, MANUFACTURER_ID=19984899, PRODUCT_CODE=HW, PURCHASE_COST=595.0, QUANTITY_ON_HAND=800, MARKUP=5.75, AVAILABLE=TRUE, DESCRIPTION= 24 inch Digital Monitor}, timestamp=Sun Apr 14 18:51:38 CDT 2013, regionID=W}
ProductMessage{product=Product{PRODUCT_ID=980601, MANUFACTURER_ID=19971233, PRODUCT_CODE=HW, PURCHASE_COST=2000.95, QUANTITY_ON_HAND=2000, MARKUP=25.0, AVAILABLE=TRUE, DESCRIPTION= 300Mhz Pentium Computer}, timestamp=Sun Apr 14 18:51:42 CDT 2013, regionID=W}
ProductMessage{product=Product{PRODUCT_ID=986712, MANUFACTURER_ID=19989719, PRODUCT_CODE=HW, PURCHASE_COST=69.95, QUANTITY_ON_HAND=1000, MARKUP=10.5, AVAILABLE=TRUE, DESCRIPTION= 512X IDE DVD-ROM}, timestamp=Sun Apr 14 18:51:43 CDT 2013, regionID=W}
ProductMessage{product=Product{PRODUCT_ID=980002, MANUFACTURER_ID=19960022, PRODUCT_CODE=MS, PURCHASE_COST=75.0, QUANTITY_ON_HAND=0, MARKUP=12.0, AVAILABLE=FALSE, DESCRIPTION= Corporate Expense Survey}, timestamp=Sun Apr 14 18:51:47 CDT 2013, regionID=W}
ProductMessage{product=Product{PRODUCT_ID=978494, MANUFACTURER_ID=19977347, PRODUCT_CODE=BK, PURCHASE_COST=18.95, QUANTITY_ON_HAND=43, MARKUP=4.0, AVAILABLE=TRUE, DESCRIPTION= Learn Java in 1/2 hour}, timestamp=Sun Apr 14 18:51:48 CDT 2013, regionID=W}
ProductMessage{product=Product{PRODUCT_ID=980002, MANUFACTURER_ID=19960022, PRODUCT_CODE=MS, PURCHASE_COST=75.0, QUANTITY_ON_HAND=0, MARKUP=12.0, AVAILABLE=FALSE, DESCRIPTION= Corporate Expense Survey}, timestamp=Sun Apr 14 18:51:50 CDT 2013, regionID=W}
ProductMessage{product=Product{PRODUCT_ID=980500, MANUFACTURER_ID=19980198, PRODUCT_CODE=BK, PURCHASE_COST=29.95, QUANTITY_ON_HAND=1000, MARKUP=33.0, AVAILABLE=TRUE, DESCRIPTION= Learn NetBeans}, timestamp=Sun Apr 14 18:51:52 CDT 2013, regionID=W}
ProductMessage{product=Product{PRODUCT_ID=986710, MANUFACTURER_ID=19982461, PRODUCT_CODE=CB, PURCHASE_COST=15.98, QUANTITY_ON_HAND=400, MARKUP=30.0, AVAILABLE=TRUE, DESCRIPTION= Printer Cable}, timestamp=Sun Apr 14 18:51:54 CDT 2013, regionID=W}
ProductMessage{product=Product{PRODUCT_ID=978495, MANUFACTURER_ID=19977348, PRODUCT_CODE=BK, PURCHASE_COST=24.99, QUANTITY_ON_HAND=0, MARKUP=1.0, AVAILABLE=FALSE, DESCRIPTION= Writing Web Service Applications}, timestamp=Sun Apr 14 18:51:55 CDT 2013, regionID=W}
ProductMessage{product=Product{PRODUCT_ID=980002, MANUFACTURER_ID=19960022, PRODUCT_CODE=MS, PURCHASE_COST=75.0, QUANTITY_ON_HAND=0, MARKUP=12.0, AVAILABLE=FALSE, DESCRIPTION= Corporate Expense Survey}, timestamp=Sun Apr 14 18:51:56 CDT 2013, regionID=W}
ProductMessage{product=Product{PRODUCT_ID=980005, MANUFACTURER_ID=19986982, PRODUCT_CODE=SW, PURCHASE_COST=11500.99, QUANTITY_ON_HAND=500, MARKUP=55.25, AVAILABLE=TRUE, DESCRIPTION= Accounting Application}, timestamp=Sun Apr 14 18:51:57 CDT 2013, regionID=W}
ProductMessage{product=Product{PRODUCT_ID=980031, MANUFACTURER_ID=19986542, PRODUCT_CODE=SW, PURCHASE_COST=595.95, QUANTITY_ON_HAND=75, MARKUP=14.0, AVAILABLE=TRUE, DESCRIPTION= Sun Studio C++}, timestamp=Sun Apr 14 18:51:57 CDT 2013, regionID=W}
ProductMessage{product=Product{PRODUCT_ID=980031, MANUFACTURER_ID=19986542, PRODUCT_CODE=SW, PURCHASE_COST=595.95, QUANTITY_ON_HAND=75, MARKUP=14.0, AVAILABLE=TRUE, DESCRIPTION= Sun Studio C++}, timestamp=Sun Apr 14 18:52:00 CDT 2013, regionID=W}
ProductMessage{product=Product{PRODUCT_ID=978494, MANUFACTURER_ID=19977347, PRODUCT_CODE=BK, PURCHASE_COST=18.95, QUANTITY_ON_HAND=43, MARKUP=4.0, AVAILABLE=TRUE, DESCRIPTION= Learn Java in 1/2 hour}, timestamp=Sun Apr 14 18:52:01 CDT 2013, regionID=W}
ProductMessage{product=Product{PRODUCT_ID=988765, MANUFACTURER_ID=19965794, PRODUCT_CODE=HW, PURCHASE_COST=10.95, QUANTITY_ON_HAND=25, MARKUP=9.75, AVAILABLE=TRUE, DESCRIPTION= 104-Key Keyboard}, timestamp=Sun Apr 14 18:52:03 CDT 2013, regionID=W}
ProductMessage{product=Product{PRODUCT_ID=980031, MANUFACTURER_ID=19986542, PRODUCT_CODE=SW, PURCHASE_COST=595.95, QUANTITY_ON_HAND=75, MARKUP=14.0, AVAILABLE=TRUE, DESCRIPTION= Sun Studio C++}, timestamp=Sun Apr 14 18:52:03 CDT 2013, regionID=W}
ProductMessage{product=Product{PRODUCT_ID=986420, MANUFACTURER_ID=19955656, PRODUCT_CODE=SW, PURCHASE_COST=49.95, QUANTITY_ON_HAND=0, MARKUP=5.25, AVAILABLE=FALSE, DESCRIPTION= Directory Server}, timestamp=Sun Apr 14 18:52:04 CDT 2013, regionID=W}
ProductMessage{product=Product{PRODUCT_ID=988765, MANUFACTURER_ID=19965794, PRODUCT_CODE=HW, PURCHASE_COST=10.95, QUANTITY_ON_HAND=25, MARKUP=9.75, AVAILABLE=TRUE, DESCRIPTION= 104-Key Keyboard}, timestamp=Sun Apr 14 18:52:05 CDT 2013, regionID=W}
ProductMessage{product=Product{PRODUCT_ID=980031, MANUFACTURER_ID=19986542, PRODUCT_CODE=SW, PURCHASE_COST=595.95, QUANTITY_ON_HAND=75, MARKUP=14.0, AVAILABLE=TRUE, DESCRIPTION= Sun Studio C++}, timestamp=Sun Apr 14 18:52:06 CDT 2013, regionID=W}
ProductMessage{product=Product{PRODUCT_ID=988765, MANUFACTURER_ID=19965794, PRODUCT_CODE=HW, PURCHASE_COST=10.95, QUANTITY_ON_HAND=25, MARKUP=9.75, AVAILABLE=TRUE, DESCRIPTION= 104-Key Keyboard}, timestamp=Sun Apr 14 18:52:07 CDT 2013, regionID=W}
ProductMessage{product=Product{PRODUCT_ID=980032, MANUFACTURER_ID=19978451, PRODUCT_CODE=FW, PURCHASE_COST=39.95, QUANTITY_ON_HAND=50, MARKUP=25.5, AVAILABLE=TRUE, DESCRIPTION= Sound Card}, timestamp=Sun Apr 14 18:52:07 CDT 2013, regionID=W}
ProductMessage{product=Product{PRODUCT_ID=988765, MANUFACTURER_ID=19965794, PRODUCT_CODE=HW, PURCHASE_COST=10.95, QUANTITY_ON_HAND=25, MARKUP=9.75, AVAILABLE=TRUE, DESCRIPTION= 104-Key Keyboard}, timestamp=Sun Apr 14 18:52:08 CDT 2013, regionID=W}
ProductMessage{product=Product{PRODUCT_ID=964025, MANUFACTURER_ID=19963322, PRODUCT_CODE=SW, PURCHASE_COST=209.95, QUANTITY_ON_HAND=300, MARKUP=41.0, AVAILABLE=TRUE, DESCRIPTION= Jax WS Application Development Environment}, timestamp=Sun Apr 14 18:52:14 CDT 2013, regionID=W}
ProductMessage{product=Product{PRODUCT_ID=980032, MANUFACTURER_ID=19978451, PRODUCT_CODE=FW, PURCHASE_COST=39.95, QUANTITY_ON_HAND=50, MARKUP=25.5, AVAILABLE=TRUE, DESCRIPTION= Sound Card}, timestamp=Sun Apr 14 18:52:14 CDT 2013, regionID=W}
ProductMessage{product=Product{PRODUCT_ID=980601, MANUFACTURER_ID=19971233, PRODUCT_CODE=HW, PURCHASE_COST=2000.95, QUANTITY_ON_HAND=2000, MARKUP=25.0, AVAILABLE=TRUE, DESCRIPTION= 300Mhz Pentium Computer}, timestamp=Sun Apr 14 18:52:15 CDT 2013, regionID=W}
ProductMessage{product=Product{PRODUCT_ID=978493, MANUFACTURER_ID=19977346, PRODUCT_CODE=BK, PURCHASE_COST=19.95, QUANTITY_ON_HAND=100, MARKUP=5.0, AVAILABLE=TRUE, DESCRIPTION= Client Server Testing}, timestamp=Sun Apr 14 18:52:16 CDT 2013, regionID=W}
ProductMessage{product=Product{PRODUCT_ID=986712, MANUFACTURER_ID=19989719, PRODUCT_CODE=HW, PURCHASE_COST=69.95, QUANTITY_ON_HAND=1000, MARKUP=10.5, AVAILABLE=TRUE, DESCRIPTION= 512X IDE DVD-ROM}, timestamp=Sun Apr 14 18:52:18 CDT 2013, regionID=W}
ProductMessage{product=Product{PRODUCT_ID=986710, MANUFACTURER_ID=19982461, PRODUCT_CODE=CB, PURCHASE_COST=15.98, QUANTITY_ON_HAND=400, MARKUP=30.0, AVAILABLE=TRUE, DESCRIPTION= Printer Cable}, timestamp=Sun Apr 14 18:52:20 CDT 2013, regionID=W}
ProductMessage{product=Product{PRODUCT_ID=986420, MANUFACTURER_ID=19955656, PRODUCT_CODE=SW, PURCHASE_COST=49.95, QUANTITY_ON_HAND=0, MARKUP=5.25, AVAILABLE=FALSE, DESCRIPTION= Directory Server}, timestamp=Sun Apr 14 18:52:21 CDT 2013, regionID=W}
ProductMessage{product=Product{PRODUCT_ID=964025, MANUFACTURER_ID=19963322, PRODUCT_CODE=SW, PURCHASE_COST=209.95, QUANTITY_ON_HAND=300, MARKUP=41.0, AVAILABLE=TRUE, DESCRIPTION= Jax WS Application Development Environment}, timestamp=Sun Apr 14 18:52:24 CDT 2013, regionID=W}
ProductMessage{product=Product{PRODUCT_ID=980032, MANUFACTURER_ID=19978451, PRODUCT_CODE=FW, PURCHASE_COST=39.95, QUANTITY_ON_HAND=50, MARKUP=25.5, AVAILABLE=TRUE, DESCRIPTION= Sound Card}, timestamp=Sun Apr 14 18:52:24 CDT 2013, regionID=W}
ProductMessage{product=Product{PRODUCT_ID=971266, MANUFACTURER_ID=19948494, PRODUCT_CODE=CB, PURCHASE_COST=25.95, QUANTITY_ON_HAND=500, MARKUP=30.0, AVAILABLE=TRUE, DESCRIPTION= Network Cable}, timestamp=Sun Apr 14 18:52:25 CDT 2013, regionID=W}
ProductMessage{product=Product{PRODUCT_ID=980005, MANUFACTURER_ID=19986982, PRODUCT_CODE=SW, PURCHASE_COST=11500.99, QUANTITY_ON_HAND=500, MARKUP=55.25, AVAILABLE=TRUE, DESCRIPTION= Accounting Application}, timestamp=Sun Apr 14 18:52:26 CDT 2013, regionID=W}
ProductMessage{product=Product{PRODUCT_ID=980030, MANUFACTURER_ID=19986196, PRODUCT_CODE=FW, PURCHASE_COST=59.95, QUANTITY_ON_HAND=250, MARKUP=40.0, AVAILABLE=TRUE, DESCRIPTION= 10Gb Ram}, timestamp=Sun Apr 14 18:52:29 CDT 2013, regionID=W}
ProductMessage{product=Product{PRODUCT_ID=980005, MANUFACTURER_ID=19986982, PRODUCT_CODE=SW, PURCHASE_COST=11500.99, QUANTITY_ON_HAND=500, MARKUP=55.25, AVAILABLE=TRUE, DESCRIPTION= Accounting Application}, timestamp=Sun Apr 14 18:52:31 CDT 2013, regionID=W}
ProductMessage{product=Product{PRODUCT_ID=988765, MANUFACTURER_ID=19965794, PRODUCT_CODE=HW, PURCHASE_COST=10.95, QUANTITY_ON_HAND=25, MARKUP=9.75, AVAILABLE=TRUE, DESCRIPTION= 104-Key Keyboard}, timestamp=Sun Apr 14 18:52:34 CDT 2013, regionID=W}
ProductMessage{product=Product{PRODUCT_ID=985510, MANUFACTURER_ID=19984899, PRODUCT_CODE=HW, PURCHASE_COST=595.0, QUANTITY_ON_HAND=800, MARKUP=5.75, AVAILABLE=TRUE, DESCRIPTION= 24 inch Digital Monitor}, timestamp=Sun Apr 14 18:52:35 CDT 2013, regionID=W}
ProductMessage{product=Product{PRODUCT_ID=986710, MANUFACTURER_ID=19982461, PRODUCT_CODE=CB, PURCHASE_COST=15.98, QUANTITY_ON_HAND=400, MARKUP=30.0, AVAILABLE=TRUE, DESCRIPTION= Printer Cable}, timestamp=Sun Apr 14 18:52:42 CDT 2013, regionID=W}
ProductMessage{product=Product{PRODUCT_ID=986420, MANUFACTURER_ID=19955656, PRODUCT_CODE=SW, PURCHASE_COST=49.95, QUANTITY_ON_HAND=0, MARKUP=5.25, AVAILABLE=FALSE, DESCRIPTION= Directory Server}, timestamp=Sun Apr 14 18:52:43 CDT 2013, regionID=W}
ProductMessage{product=Product{PRODUCT_ID=980002, MANUFACTURER_ID=19960022, PRODUCT_CODE=MS, PURCHASE_COST=75.0, QUANTITY_ON_HAND=0, MARKUP=12.0, AVAILABLE=FALSE, DESCRIPTION= Corporate Expense Survey}, timestamp=Sun Apr 14 18:52:43 CDT 2013, regionID=W}
ProductMessage{product=Product{PRODUCT_ID=980001, MANUFACTURER_ID=19985678, PRODUCT_CODE=SW, PURCHASE_COST=1095.0, QUANTITY_ON_HAND=800000, MARKUP=8.25, AVAILABLE=TRUE, DESCRIPTION= Identity Server}, timestamp=Sun Apr 14 18:52:43 CDT 2013, regionID=W}
ProductMessage{product=Product{PRODUCT_ID=975789, MANUFACTURER_ID=19977775, PRODUCT_CODE=BK, PURCHASE_COST=29.98, QUANTITY_ON_HAND=25, MARKUP=5.0, AVAILABLE=TRUE, DESCRIPTION= Learn Solaris 10}, timestamp=Sun Apr 14 18:52:44 CDT 2013, regionID=W}
ProductMessage{product=Product{PRODUCT_ID=980601, MANUFACTURER_ID=19971233, PRODUCT_CODE=HW, PURCHASE_COST=2000.95, QUANTITY_ON_HAND=2000, MARKUP=25.0, AVAILABLE=TRUE, DESCRIPTION= 300Mhz Pentium Computer}, timestamp=Sun Apr 14 18:52:46 CDT 2013, regionID=W}
ProductMessage{product=Product{PRODUCT_ID=986710, MANUFACTURER_ID=19982461, PRODUCT_CODE=CB, PURCHASE_COST=15.98, QUANTITY_ON_HAND=400, MARKUP=30.0, AVAILABLE=TRUE, DESCRIPTION= Printer Cable}, timestamp=Sun Apr 14 18:52:47 CDT 2013, regionID=W}
ProductMessage{product=Product{PRODUCT_ID=980005, MANUFACTURER_ID=19986982, PRODUCT_CODE=SW, PURCHASE_COST=11500.99, QUANTITY_ON_HAND=500, MARKUP=55.25, AVAILABLE=TRUE, DESCRIPTION= Accounting Application}, timestamp=Sun Apr 14 18:52:48 CDT 2013, regionID=W}
ProductMessage{product=Product{PRODUCT_ID=980025, MANUFACTURER_ID=19974892, PRODUCT_CODE=HW, PURCHASE_COST=2095.99, QUANTITY_ON_HAND=3000, MARKUP=15.75, AVAILABLE=TRUE, DESCRIPTION= 1Ghz Sun Blade Computer}, timestamp=Sun Apr 14 18:52:53 CDT 2013, regionID=W}
ProductMessage{product=Product{PRODUCT_ID=980031, MANUFACTURER_ID=19986542, PRODUCT_CODE=SW, PURCHASE_COST=595.95, QUANTITY_ON_HAND=75, MARKUP=14.0, AVAILABLE=TRUE, DESCRIPTION= Sun Studio C++}, timestamp=Sun Apr 14 18:52:53 CDT 2013, regionID=W}
ProductMessage{product=Product{PRODUCT_ID=980500, MANUFACTURER_ID=19980198, PRODUCT_CODE=BK, PURCHASE_COST=29.95, QUANTITY_ON_HAND=1000, MARKUP=33.0, AVAILABLE=TRUE, DESCRIPTION= Learn NetBeans}, timestamp=Sun Apr 14 18:52:55 CDT 2013, regionID=W}
ProductMessage{product=Product{PRODUCT_ID=986712, MANUFACTURER_ID=19989719, PRODUCT_CODE=HW, PURCHASE_COST=69.95, QUANTITY_ON_HAND=1000, MARKUP=10.5, AVAILABLE=TRUE, DESCRIPTION= 512X IDE DVD-ROM}, timestamp=Sun Apr 14 18:52:56 CDT 2013, regionID=W}
ProductMessage{product=Product{PRODUCT_ID=980032, MANUFACTURER_ID=19978451, PRODUCT_CODE=FW, PURCHASE_COST=39.95, QUANTITY_ON_HAND=50, MARKUP=25.5, AVAILABLE=TRUE, DESCRIPTION= Sound Card}, timestamp=Sun Apr 14 18:52:59 CDT 2013, regionID=W}
ProductMessage{product=Product{PRODUCT_ID=980031, MANUFACTURER_ID=19986542, PRODUCT_CODE=SW, PURCHASE_COST=595.95, QUANTITY_ON_HAND=75, MARKUP=14.0, AVAILABLE=TRUE, DESCRIPTION= Sun Studio C++}, timestamp=Sun Apr 14 18:52:59 CDT 2013, regionID=W}
ProductMessage{product=Product{PRODUCT_ID=980002, MANUFACTURER_ID=19960022, PRODUCT_CODE=MS, PURCHASE_COST=75.0, QUANTITY_ON_HAND=0, MARKUP=12.0, AVAILABLE=FALSE, DESCRIPTION= Corporate Expense Survey}, timestamp=Sun Apr 14 18:53:00 CDT 2013, regionID=W}
ProductMessage{product=Product{PRODUCT_ID=975789, MANUFACTURER_ID=19977775, PRODUCT_CODE=BK, PURCHASE_COST=29.98, QUANTITY_ON_HAND=25, MARKUP=5.0, AVAILABLE=TRUE, DESCRIPTION= Learn Solaris 10}, timestamp=Sun Apr 14 18:53:01 CDT 2013, regionID=W}
ProductMessage{product=Product{PRODUCT_ID=980601, MANUFACTURER_ID=19971233, PRODUCT_CODE=HW, PURCHASE_COST=2000.95, QUANTITY_ON_HAND=2000, MARKUP=25.0, AVAILABLE=TRUE, DESCRIPTION= 300Mhz Pentium Computer}, timestamp=Sun Apr 14 18:53:02 CDT 2013, regionID=W}
ProductMessage{product=Product{PRODUCT_ID=980025, MANUFACTURER_ID=19974892, PRODUCT_CODE=HW, PURCHASE_COST=2095.99, QUANTITY_ON_HAND=3000, MARKUP=15.75, AVAILABLE=TRUE, DESCRIPTION= 1Ghz Sun Blade Computer}, timestamp=Sun Apr 14 18:53:03 CDT 2013, regionID=W}
ProductMessage{product=Product{PRODUCT_ID=978495, MANUFACTURER_ID=19977348, PRODUCT_CODE=BK, PURCHASE_COST=24.99, QUANTITY_ON_HAND=0, MARKUP=1.0, AVAILABLE=FALSE, DESCRIPTION= Writing Web Service Applications}, timestamp=Sun Apr 14 18:53:06 CDT 2013, regionID=W}
ProductMessage{product=Product{PRODUCT_ID=978493, MANUFACTURER_ID=19977346, PRODUCT_CODE=BK, PURCHASE_COST=19.95, QUANTITY_ON_HAND=100, MARKUP=5.0, AVAILABLE=TRUE, DESCRIPTION= Client Server Testing}, timestamp=Sun Apr 14 18:53:09 CDT 2013, regionID=W}
ProductMessage{product=Product{PRODUCT_ID=980031, MANUFACTURER_ID=19986542, PRODUCT_CODE=SW, PURCHASE_COST=595.95, QUANTITY_ON_HAND=75, MARKUP=14.0, AVAILABLE=TRUE, DESCRIPTION= Sun Studio C++}, timestamp=Sun Apr 14 18:53:11 CDT 2013, regionID=W}
ProductMessage{product=Product{PRODUCT_ID=971266, MANUFACTURER_ID=19948494, PRODUCT_CODE=CB, PURCHASE_COST=25.95, QUANTITY_ON_HAND=500, MARKUP=30.0, AVAILABLE=TRUE, DESCRIPTION= Network Cable}, timestamp=Sun Apr 14 18:53:11 CDT 2013, regionID=W}
ProductMessage{product=Product{PRODUCT_ID=975789, MANUFACTURER_ID=19977775, PRODUCT_CODE=BK, PURCHASE_COST=29.98, QUANTITY_ON_HAND=25, MARKUP=5.0, AVAILABLE=TRUE, DESCRIPTION= Learn Solaris 10}, timestamp=Sun Apr 14 18:53:12 CDT 2013, regionID=W}
ProductMessage{product=Product{PRODUCT_ID=980601, MANUFACTURER_ID=19971233, PRODUCT_CODE=HW, PURCHASE_COST=2000.95, QUANTITY_ON_HAND=2000, MARKUP=25.0, AVAILABLE=TRUE, DESCRIPTION= 300Mhz Pentium Computer}, timestamp=Sun Apr 14 18:53:13 CDT 2013, regionID=W}
ProductMessage{product=Product{PRODUCT_ID=980500, MANUFACTURER_ID=19980198, PRODUCT_CODE=BK, PURCHASE_COST=29.95, QUANTITY_ON_HAND=1000, MARKUP=33.0, AVAILABLE=TRUE, DESCRIPTION= Learn NetBeans}, timestamp=Sun Apr 14 18:53:13 CDT 2013, regionID=W}
ProductMessage{product=Product{PRODUCT_ID=971266, MANUFACTURER_ID=19948494, PRODUCT_CODE=CB, PURCHASE_COST=25.95, QUANTITY_ON_HAND=500, MARKUP=30.0, AVAILABLE=TRUE, DESCRIPTION= Network Cable}, timestamp=Sun Apr 14 18:53:14 CDT 2013, regionID=W}
ProductMessage{product=Product{PRODUCT_ID=985510, MANUFACTURER_ID=19984899, PRODUCT_CODE=HW, PURCHASE_COST=595.0, QUANTITY_ON_HAND=800, MARKUP=5.75, AVAILABLE=TRUE, DESCRIPTION= 24 inch Digital Monitor}, timestamp=Sun Apr 14 18:53:16 CDT 2013, regionID=W}
ProductMessage{product=Product{PRODUCT_ID=978495, MANUFACTURER_ID=19977348, PRODUCT_CODE=BK, PURCHASE_COST=24.99, QUANTITY_ON_HAND=0, MARKUP=1.0, AVAILABLE=FALSE, DESCRIPTION= Writing Web Service Applications}, timestamp=Sun Apr 14 18:53:17 CDT 2013, regionID=W}
ProductMessage{product=Product{PRODUCT_ID=975789, MANUFACTURER_ID=19977775, PRODUCT_CODE=BK, PURCHASE_COST=29.98, QUANTITY_ON_HAND=25, MARKUP=5.0, AVAILABLE=TRUE, DESCRIPTION= Learn Solaris 10}, timestamp=Sun Apr 14 18:53:18 CDT 2013, regionID=W}
ProductMessage{product=Product{PRODUCT_ID=975789, MANUFACTURER_ID=19977775, PRODUCT_CODE=BK, PURCHASE_COST=29.98, QUANTITY_ON_HAND=25, MARKUP=5.0, AVAILABLE=TRUE, DESCRIPTION= Learn Solaris 10}, timestamp=Sun Apr 14 18:53:18 CDT 2013, regionID=W}
ProductMessage{product=Product{PRODUCT_ID=980001, MANUFACTURER_ID=19985678, PRODUCT_CODE=SW, PURCHASE_COST=1095.0, QUANTITY_ON_HAND=800000, MARKUP=8.25, AVAILABLE=TRUE, DESCRIPTION= Identity Server}, timestamp=Sun Apr 14 18:53:21 CDT 2013, regionID=W}
ProductMessage{product=Product{PRODUCT_ID=980002, MANUFACTURER_ID=19960022, PRODUCT_CODE=MS, PURCHASE_COST=75.0, QUANTITY_ON_HAND=0, MARKUP=12.0, AVAILABLE=FALSE, DESCRIPTION= Corporate Expense Survey}, timestamp=Sun Apr 14 18:53:22 CDT 2013, regionID=W}
ProductMessage{product=Product{PRODUCT_ID=985510, MANUFACTURER_ID=19984899, PRODUCT_CODE=HW, PURCHASE_COST=595.0, QUANTITY_ON_HAND=800, MARKUP=5.75, AVAILABLE=TRUE, DESCRIPTION= 24 inch Digital Monitor}, timestamp=Sun Apr 14 18:53:23 CDT 2013, regionID=W}
ProductMessage{product=Product{PRODUCT_ID=980601, MANUFACTURER_ID=19971233, PRODUCT_CODE=HW, PURCHASE_COST=2000.95, QUANTITY_ON_HAND=2000, MARKUP=25.0, AVAILABLE=TRUE, DESCRIPTION= 300Mhz Pentium Computer}, timestamp=Sun Apr 14 18:53:23 CDT 2013, regionID=W}
ProductMessage{product=Product{PRODUCT_ID=980032, MANUFACTURER_ID=19978451, PRODUCT_CODE=FW, PURCHASE_COST=39.95, QUANTITY_ON_HAND=50, MARKUP=25.5, AVAILABLE=TRUE, DESCRIPTION= Sound Card}, timestamp=Sun Apr 14 18:53:24 CDT 2013, regionID=W}
ProductMessage{product=Product{PRODUCT_ID=980001, MANUFACTURER_ID=19985678, PRODUCT_CODE=SW, PURCHASE_COST=1095.0, QUANTITY_ON_HAND=800000, MARKUP=8.25, AVAILABLE=TRUE, DESCRIPTION= Identity Server}, timestamp=Sun Apr 14 18:53:25 CDT 2013, regionID=W}
ProductMessage{product=Product{PRODUCT_ID=986420, MANUFACTURER_ID=19955656, PRODUCT_CODE=SW, PURCHASE_COST=49.95, QUANTITY_ON_HAND=0, MARKUP=5.25, AVAILABLE=FALSE, DESCRIPTION= Directory Server}, timestamp=Sun Apr 14 18:53:26 CDT 2013, regionID=W}
ProductMessage{product=Product{PRODUCT_ID=980001, MANUFACTURER_ID=19985678, PRODUCT_CODE=SW, PURCHASE_COST=1095.0, QUANTITY_ON_HAND=800000, MARKUP=8.25, AVAILABLE=TRUE, DESCRIPTION= Identity Server}, timestamp=Sun Apr 14 18:53:27 CDT 2013, regionID=W}
ProductMessage{product=Product{PRODUCT_ID=978495, MANUFACTURER_ID=19977348, PRODUCT_CODE=BK, PURCHASE_COST=24.99, QUANTITY_ON_HAND=0, MARKUP=1.0, AVAILABLE=FALSE, DESCRIPTION= Writing Web Service Applications}, timestamp=Sun Apr 14 18:53:29 CDT 2013, regionID=W}
ProductMessage{product=Product{PRODUCT_ID=985510, MANUFACTURER_ID=19984899, PRODUCT_CODE=HW, PURCHASE_COST=595.0, QUANTITY_ON_HAND=800, MARKUP=5.75, AVAILABLE=TRUE, DESCRIPTION= 24 inch Digital Monitor}, timestamp=Sun Apr 14 18:53:30 CDT 2013, regionID=W}
ProductMessage{product=Product{PRODUCT_ID=971266, MANUFACTURER_ID=19948494, PRODUCT_CODE=CB, PURCHASE_COST=25.95, QUANTITY_ON_HAND=500, MARKUP=30.0, AVAILABLE=TRUE, DESCRIPTION= Network Cable}, timestamp=Sun Apr 14 18:53:30 CDT 2013, regionID=W}
ProductMessage{product=Product{PRODUCT_ID=980001, MANUFACTURER_ID=19985678, PRODUCT_CODE=SW, PURCHASE_COST=1095.0, QUANTITY_ON_HAND=800000, MARKUP=8.25, AVAILABLE=TRUE, DESCRIPTION= Identity Server}, timestamp=Sun Apr 14 18:53:34 CDT 2013, regionID=W}
ProductMessage{product=Product{PRODUCT_ID=980025, MANUFACTURER_ID=19974892, PRODUCT_CODE=HW, PURCHASE_COST=2095.99, QUANTITY_ON_HAND=3000, MARKUP=15.75, AVAILABLE=TRUE, DESCRIPTION= 1Ghz Sun Blade Computer}, timestamp=Sun Apr 14 18:53:35 CDT 2013, regionID=W}
ProductMessage{product=Product{PRODUCT_ID=980031, MANUFACTURER_ID=19986542, PRODUCT_CODE=SW, PURCHASE_COST=595.95, QUANTITY_ON_HAND=75, MARKUP=14.0, AVAILABLE=TRUE, DESCRIPTION= Sun Studio C++}, timestamp=Sun Apr 14 18:53:37 CDT 2013, regionID=W}
ProductMessage{product=Product{PRODUCT_ID=980032, MANUFACTURER_ID=19978451, PRODUCT_CODE=FW, PURCHASE_COST=39.95, QUANTITY_ON_HAND=50, MARKUP=25.5, AVAILABLE=TRUE, DESCRIPTION= Sound Card}, timestamp=Sun Apr 14 18:53:38 CDT 2013, regionID=W}
ProductMessage{product=Product{PRODUCT_ID=975789, MANUFACTURER_ID=19977775, PRODUCT_CODE=BK, PURCHASE_COST=29.98, QUANTITY_ON_HAND=25, MARKUP=5.0, AVAILABLE=TRUE, DESCRIPTION= Learn Solaris 10}, timestamp=Sun Apr 14 18:53:39 CDT 2013, regionID=W}
ProductMessage{product=Product{PRODUCT_ID=964025, MANUFACTURER_ID=19963322, PRODUCT_CODE=SW, PURCHASE_COST=209.95, QUANTITY_ON_HAND=300, MARKUP=41.0, AVAILABLE=TRUE, DESCRIPTION= Jax WS Application Development Environment}, timestamp=Sun Apr 14 18:53:41 CDT 2013, regionID=W}
ProductMessage{product=Product{PRODUCT_ID=971266, MANUFACTURER_ID=19948494, PRODUCT_CODE=CB, PURCHASE_COST=25.95, QUANTITY_ON_HAND=500, MARKUP=30.0, AVAILABLE=TRUE, DESCRIPTION= Network Cable}, timestamp=Sun Apr 14 18:53:45 CDT 2013, regionID=W}
ProductMessage{product=Product{PRODUCT_ID=986710, MANUFACTURER_ID=19982461, PRODUCT_CODE=CB, PURCHASE_COST=15.98, QUANTITY_ON_HAND=400, MARKUP=30.0, AVAILABLE=TRUE, DESCRIPTION= Printer Cable}, timestamp=Sun Apr 14 18:53:45 CDT 2013, regionID=W}
ProductMessage{product=Product{PRODUCT_ID=980002, MANUFACTURER_ID=19960022, PRODUCT_CODE=MS, PURCHASE_COST=75.0, QUANTITY_ON_HAND=0, MARKUP=12.0, AVAILABLE=FALSE, DESCRIPTION= Corporate Expense Survey}, timestamp=Sun Apr 14 18:53:49 CDT 2013, regionID=W}
ProductMessage{product=Product{PRODUCT_ID=964025, MANUFACTURER_ID=19963322, PRODUCT_CODE=SW, PURCHASE_COST=209.95, QUANTITY_ON_HAND=300, MARKUP=41.0, AVAILABLE=TRUE, DESCRIPTION= Jax WS Application Development Environment}, timestamp=Sun Apr 14 18:53:49 CDT 2013, regionID=W}
ProductMessage{product=Product{PRODUCT_ID=986710, MANUFACTURER_ID=19982461, PRODUCT_CODE=CB, PURCHASE_COST=15.98, QUANTITY_ON_HAND=400, MARKUP=30.0, AVAILABLE=TRUE, DESCRIPTION= Printer Cable}, timestamp=Sun Apr 14 18:53:49 CDT 2013, regionID=W}
ProductMessage{product=Product{PRODUCT_ID=978494, MANUFACTURER_ID=19977347, PRODUCT_CODE=BK, PURCHASE_COST=18.95, QUANTITY_ON_HAND=43, MARKUP=4.0, AVAILABLE=TRUE, DESCRIPTION= Learn Java in 1/2 hour}, timestamp=Sun Apr 14 18:53:50 CDT 2013, regionID=W}
ProductMessage{product=Product{PRODUCT_ID=978495, MANUFACTURER_ID=19977348, PRODUCT_CODE=BK, PURCHASE_COST=24.99, QUANTITY_ON_HAND=0, MARKUP=1.0, AVAILABLE=FALSE, DESCRIPTION= Writing Web Service Applications}, timestamp=Sun Apr 14 18:53:53 CDT 2013, regionID=W}
ProductMessage{product=Product{PRODUCT_ID=978494, MANUFACTURER_ID=19977347, PRODUCT_CODE=BK, PURCHASE_COST=18.95, QUANTITY_ON_HAND=43, MARKUP=4.0, AVAILABLE=TRUE, DESCRIPTION= Learn Java in 1/2 hour}, timestamp=Sun Apr 14 18:53:54 CDT 2013, regionID=W}
ProductMessage{product=Product{PRODUCT_ID=986712, MANUFACTURER_ID=19989719, PRODUCT_CODE=HW, PURCHASE_COST=69.95, QUANTITY_ON_HAND=1000, MARKUP=10.5, AVAILABLE=TRUE, DESCRIPTION= 512X IDE DVD-ROM}, timestamp=Sun Apr 14 18:53:55 CDT 2013, regionID=W}
ProductMessage{product=Product{PRODUCT_ID=971266, MANUFACTURER_ID=19948494, PRODUCT_CODE=CB, PURCHASE_COST=25.95, QUANTITY_ON_HAND=500, MARKUP=30.0, AVAILABLE=TRUE, DESCRIPTION= Network Cable}, timestamp=Sun Apr 14 18:53:55 CDT 2013, regionID=W}
ProductMessage{product=Product{PRODUCT_ID=986712, MANUFACTURER_ID=19989719, PRODUCT_CODE=HW, PURCHASE_COST=69.95, QUANTITY_ON_HAND=1000, MARKUP=10.5, AVAILABLE=TRUE, DESCRIPTION= 512X IDE DVD-ROM}, timestamp=Sun Apr 14 18:53:56 CDT 2013, regionID=W}
ProductMessage{product=Product{PRODUCT_ID=980601, MANUFACTURER_ID=19971233, PRODUCT_CODE=HW, PURCHASE_COST=2000.95, QUANTITY_ON_HAND=2000, MARKUP=25.0, AVAILABLE=TRUE, DESCRIPTION= 300Mhz Pentium Computer}, timestamp=Sun Apr 14 18:53:57 CDT 2013, regionID=W}
ProductMessage{product=Product{PRODUCT_ID=980025, MANUFACTURER_ID=19974892, PRODUCT_CODE=HW, PURCHASE_COST=2095.99, QUANTITY_ON_HAND=3000, MARKUP=15.75, AVAILABLE=TRUE, DESCRIPTION= 1Ghz Sun Blade Computer}, timestamp=Sun Apr 14 18:53:57 CDT 2013, regionID=W}
ProductMessage{product=Product{PRODUCT_ID=986420, MANUFACTURER_ID=19955656, PRODUCT_CODE=SW, PURCHASE_COST=49.95, QUANTITY_ON_HAND=0, MARKUP=5.25, AVAILABLE=FALSE, DESCRIPTION= Directory Server}, timestamp=Sun Apr 14 18:53:58 CDT 2013, regionID=W}
ProductMessage{product=Product{PRODUCT_ID=980001, MANUFACTURER_ID=19985678, PRODUCT_CODE=SW, PURCHASE_COST=1095.0, QUANTITY_ON_HAND=800000, MARKUP=8.25, AVAILABLE=TRUE, DESCRIPTION= Identity Server}, timestamp=Sun Apr 14 18:54:01 CDT 2013, regionID=W}
ProductMessage{product=Product{PRODUCT_ID=978493, MANUFACTURER_ID=19977346, PRODUCT_CODE=BK, PURCHASE_COST=19.95, QUANTITY_ON_HAND=100, MARKUP=5.0, AVAILABLE=TRUE, DESCRIPTION= Client Server Testing}, timestamp=Sun Apr 14 18:54:01 CDT 2013, regionID=W}
ProductMessage{product=Product{PRODUCT_ID=978495, MANUFACTURER_ID=19977348, PRODUCT_CODE=BK, PURCHASE_COST=24.99, QUANTITY_ON_HAND=0, MARKUP=1.0, AVAILABLE=FALSE, DESCRIPTION= Writing Web Service Applications}, timestamp=Sun Apr 14 18:54:02 CDT 2013, regionID=W}
ProductMessage{product=Product{PRODUCT_ID=980001, MANUFACTURER_ID=19985678, PRODUCT_CODE=SW, PURCHASE_COST=1095.0, QUANTITY_ON_HAND=800000, MARKUP=8.25, AVAILABLE=TRUE, DESCRIPTION= Identity Server}, timestamp=Sun Apr 14 18:54:04 CDT 2013, regionID=W}
ProductMessage{product=Product{PRODUCT_ID=980001, MANUFACTURER_ID=19985678, PRODUCT_CODE=SW, PURCHASE_COST=1095.0, QUANTITY_ON_HAND=800000, MARKUP=8.25, AVAILABLE=TRUE, DESCRIPTION= Identity Server}, timestamp=Sun Apr 14 18:54:06 CDT 2013, regionID=W}
ProductMessage{product=Product{PRODUCT_ID=964025, MANUFACTURER_ID=19963322, PRODUCT_CODE=SW, PURCHASE_COST=209.95, QUANTITY_ON_HAND=300, MARKUP=41.0, AVAILABLE=TRUE, DESCRIPTION= Jax WS Application Development Environment}, timestamp=Sun Apr 14 18:54:07 CDT 2013, regionID=W}
ProductMessage{product=Product{PRODUCT_ID=986710, MANUFACTURER_ID=19982461, PRODUCT_CODE=CB, PURCHASE_COST=15.98, QUANTITY_ON_HAND=400, MARKUP=30.0, AVAILABLE=TRUE, DESCRIPTION= Printer Cable}, timestamp=Sun Apr 14 18:54:09 CDT 2013, regionID=W}
ProductMessage{product=Product{PRODUCT_ID=964025, MANUFACTURER_ID=19963322, PRODUCT_CODE=SW, PURCHASE_COST=209.95, QUANTITY_ON_HAND=300, MARKUP=41.0, AVAILABLE=TRUE, DESCRIPTION= Jax WS Application Development Environment}, timestamp=Sun Apr 14 18:54:11 CDT 2013, regionID=W}
ProductMessage{product=Product{PRODUCT_ID=980002, MANUFACTURER_ID=19960022, PRODUCT_CODE=MS, PURCHASE_COST=75.0, QUANTITY_ON_HAND=0, MARKUP=12.0, AVAILABLE=FALSE, DESCRIPTION= Corporate Expense Survey}, timestamp=Sun Apr 14 18:54:13 CDT 2013, regionID=W}
ProductMessage{product=Product{PRODUCT_ID=975789, MANUFACTURER_ID=19977775, PRODUCT_CODE=BK, PURCHASE_COST=29.98, QUANTITY_ON_HAND=25, MARKUP=5.0, AVAILABLE=TRUE, DESCRIPTION= Learn Solaris 10}, timestamp=Sun Apr 14 18:54:15 CDT 2013, regionID=W}
ProductMessage{product=Product{PRODUCT_ID=980032, MANUFACTURER_ID=19978451, PRODUCT_CODE=FW, PURCHASE_COST=39.95, QUANTITY_ON_HAND=50, MARKUP=25.5, AVAILABLE=TRUE, DESCRIPTION= Sound Card}, timestamp=Sun Apr 14 18:54:18 CDT 2013, regionID=W}
ProductMessage{product=Product{PRODUCT_ID=964025, MANUFACTURER_ID=19963322, PRODUCT_CODE=SW, PURCHASE_COST=209.95, QUANTITY_ON_HAND=300, MARKUP=41.0, AVAILABLE=TRUE, DESCRIPTION= Jax WS Application Development Environment}, timestamp=Sun Apr 14 18:54:20 CDT 2013, regionID=W}
ProductMessage{product=Product{PRODUCT_ID=980030, MANUFACTURER_ID=19986196, PRODUCT_CODE=FW, PURCHASE_COST=59.95, QUANTITY_ON_HAND=250, MARKUP=40.0, AVAILABLE=TRUE, DESCRIPTION= 10Gb Ram}, timestamp=Sun Apr 14 18:54:20 CDT 2013, regionID=W}
ProductMessage{product=Product{PRODUCT_ID=986712, MANUFACTURER_ID=19989719, PRODUCT_CODE=HW, PURCHASE_COST=69.95, QUANTITY_ON_HAND=1000, MARKUP=10.5, AVAILABLE=TRUE, DESCRIPTION= 512X IDE DVD-ROM}, timestamp=Sun Apr 14 18:54:20 CDT 2013, regionID=W}
ProductMessage{product=Product{PRODUCT_ID=975789, MANUFACTURER_ID=19977775, PRODUCT_CODE=BK, PURCHASE_COST=29.98, QUANTITY_ON_HAND=25, MARKUP=5.0, AVAILABLE=TRUE, DESCRIPTION= Learn Solaris 10}, timestamp=Sun Apr 14 18:54:21 CDT 2013, regionID=W}
ProductMessage{product=Product{PRODUCT_ID=971266, MANUFACTURER_ID=19948494, PRODUCT_CODE=CB, PURCHASE_COST=25.95, QUANTITY_ON_HAND=500, MARKUP=30.0, AVAILABLE=TRUE, DESCRIPTION= Network Cable}, timestamp=Sun Apr 14 18:54:21 CDT 2013, regionID=W}
ProductMessage{product=Product{PRODUCT_ID=986712, MANUFACTURER_ID=19989719, PRODUCT_CODE=HW, PURCHASE_COST=69.95, QUANTITY_ON_HAND=1000, MARKUP=10.5, AVAILABLE=TRUE, DESCRIPTION= 512X IDE DVD-ROM}, timestamp=Sun Apr 14 18:54:26 CDT 2013, regionID=W}
ProductMessage{product=Product{PRODUCT_ID=978494, MANUFACTURER_ID=19977347, PRODUCT_CODE=BK, PURCHASE_COST=18.95, QUANTITY_ON_HAND=43, MARKUP=4.0, AVAILABLE=TRUE, DESCRIPTION= Learn Java in 1/2 hour}, timestamp=Sun Apr 14 18:54:26 CDT 2013, regionID=W}
ProductMessage{product=Product{PRODUCT_ID=964025, MANUFACTURER_ID=19963322, PRODUCT_CODE=SW, PURCHASE_COST=209.95, QUANTITY_ON_HAND=300, MARKUP=41.0, AVAILABLE=TRUE, DESCRIPTION= Jax WS Application Development Environment}, timestamp=Sun Apr 14 18:54:26 CDT 2013, regionID=W}
ProductMessage{product=Product{PRODUCT_ID=980030, MANUFACTURER_ID=19986196, PRODUCT_CODE=FW, PURCHASE_COST=59.95, QUANTITY_ON_HAND=250, MARKUP=40.0, AVAILABLE=TRUE, DESCRIPTION= 10Gb Ram}, timestamp=Sun Apr 14 18:54:27 CDT 2013, regionID=W}
ProductMessage{product=Product{PRODUCT_ID=980030, MANUFACTURER_ID=19986196, PRODUCT_CODE=FW, PURCHASE_COST=59.95, QUANTITY_ON_HAND=250, MARKUP=40.0, AVAILABLE=TRUE, DESCRIPTION= 10Gb Ram}, timestamp=Sun Apr 14 18:54:29 CDT 2013, regionID=W}
ProductMessage{product=Product{PRODUCT_ID=971266, MANUFACTURER_ID=19948494, PRODUCT_CODE=CB, PURCHASE_COST=25.95, QUANTITY_ON_HAND=500, MARKUP=30.0, AVAILABLE=TRUE, DESCRIPTION= Network Cable}, timestamp=Sun Apr 14 18:54:29 CDT 2013, regionID=W}
ProductMessage{product=Product{PRODUCT_ID=980031, MANUFACTURER_ID=19986542, PRODUCT_CODE=SW, PURCHASE_COST=595.95, QUANTITY_ON_HAND=75, MARKUP=14.0, AVAILABLE=TRUE, DESCRIPTION= Sun Studio C++}, timestamp=Sun Apr 14 18:54:31 CDT 2013, regionID=W}
ProductMessage{product=Product{PRODUCT_ID=971266, MANUFACTURER_ID=19948494, PRODUCT_CODE=CB, PURCHASE_COST=25.95, QUANTITY_ON_HAND=500, MARKUP=30.0, AVAILABLE=TRUE, DESCRIPTION= Network Cable}, timestamp=Sun Apr 14 18:54:33 CDT 2013, regionID=W}
ProductMessage{product=Product{PRODUCT_ID=978494, MANUFACTURER_ID=19977347, PRODUCT_CODE=BK, PURCHASE_COST=18.95, QUANTITY_ON_HAND=43, MARKUP=4.0, AVAILABLE=TRUE, DESCRIPTION= Learn Java in 1/2 hour}, timestamp=Sun Apr 14 18:54:35 CDT 2013, regionID=W}
ProductMessage{product=Product{PRODUCT_ID=980002, MANUFACTURER_ID=19960022, PRODUCT_CODE=MS, PURCHASE_COST=75.0, QUANTITY_ON_HAND=0, MARKUP=12.0, AVAILABLE=FALSE, DESCRIPTION= Corporate Expense Survey}, timestamp=Sun Apr 14 18:54:36 CDT 2013, regionID=W}
ProductMessage{product=Product{PRODUCT_ID=980030, MANUFACTURER_ID=19986196, PRODUCT_CODE=FW, PURCHASE_COST=59.95, QUANTITY_ON_HAND=250, MARKUP=40.0, AVAILABLE=TRUE, DESCRIPTION= 10Gb Ram}, timestamp=Sun Apr 14 18:54:36 CDT 2013, regionID=W}
ProductMessage{product=Product{PRODUCT_ID=971266, MANUFACTURER_ID=19948494, PRODUCT_CODE=CB, PURCHASE_COST=25.95, QUANTITY_ON_HAND=500, MARKUP=30.0, AVAILABLE=TRUE, DESCRIPTION= Network Cable}, timestamp=Sun Apr 14 18:54:37 CDT 2013, regionID=W}
ProductMessage{product=Product{PRODUCT_ID=980032, MANUFACTURER_ID=19978451, PRODUCT_CODE=FW, PURCHASE_COST=39.95, QUANTITY_ON_HAND=50, MARKUP=25.5, AVAILABLE=TRUE, DESCRIPTION= Sound Card}, timestamp=Sun Apr 14 18:54:38 CDT 2013, regionID=W}
ProductMessage{product=Product{PRODUCT_ID=986712, MANUFACTURER_ID=19989719, PRODUCT_CODE=HW, PURCHASE_COST=69.95, QUANTITY_ON_HAND=1000, MARKUP=10.5, AVAILABLE=TRUE, DESCRIPTION= 512X IDE DVD-ROM}, timestamp=Sun Apr 14 18:54:40 CDT 2013, regionID=W}
ProductMessage{product=Product{PRODUCT_ID=978495, MANUFACTURER_ID=19977348, PRODUCT_CODE=BK, PURCHASE_COST=24.99, QUANTITY_ON_HAND=0, MARKUP=1.0, AVAILABLE=FALSE, DESCRIPTION= Writing Web Service Applications}, timestamp=Sun Apr 14 18:54:42 CDT 2013, regionID=W}
ProductMessage{product=Product{PRODUCT_ID=980025, MANUFACTURER_ID=19974892, PRODUCT_CODE=HW, PURCHASE_COST=2095.99, QUANTITY_ON_HAND=3000, MARKUP=15.75, AVAILABLE=TRUE, DESCRIPTION= 1Ghz Sun Blade Computer}, timestamp=Sun Apr 14 18:54:43 CDT 2013, regionID=W}
ProductMessage{product=Product{PRODUCT_ID=975789, MANUFACTURER_ID=19977775, PRODUCT_CODE=BK, PURCHASE_COST=29.98, QUANTITY_ON_HAND=25, MARKUP=5.0, AVAILABLE=TRUE, DESCRIPTION= Learn Solaris 10}, timestamp=Sun Apr 14 18:54:45 CDT 2013, regionID=W}
ProductMessage{product=Product{PRODUCT_ID=980002, MANUFACTURER_ID=19960022, PRODUCT_CODE=MS, PURCHASE_COST=75.0, QUANTITY_ON_HAND=0, MARKUP=12.0, AVAILABLE=FALSE, DESCRIPTION= Corporate Expense Survey}, timestamp=Sun Apr 14 18:54:46 CDT 2013, regionID=W}
ProductMessage{product=Product{PRODUCT_ID=980005, MANUFACTURER_ID=19986982, PRODUCT_CODE=SW, PURCHASE_COST=11500.99, QUANTITY_ON_HAND=500, MARKUP=55.25, AVAILABLE=TRUE, DESCRIPTION= Accounting Application}, timestamp=Sun Apr 14 18:54:47 CDT 2013, regionID=W}
ProductMessage{product=Product{PRODUCT_ID=980500, MANUFACTURER_ID=19980198, PRODUCT_CODE=BK, PURCHASE_COST=29.95, QUANTITY_ON_HAND=1000, MARKUP=33.0, AVAILABLE=TRUE, DESCRIPTION= Learn NetBeans}, timestamp=Sun Apr 14 18:54:49 CDT 2013, regionID=W}
ProductMessage{product=Product{PRODUCT_ID=988765, MANUFACTURER_ID=19965794, PRODUCT_CODE=HW, PURCHASE_COST=10.95, QUANTITY_ON_HAND=25, MARKUP=9.75, AVAILABLE=TRUE, DESCRIPTION= 104-Key Keyboard}, timestamp=Sun Apr 14 18:54:50 CDT 2013, regionID=W}
ProductMessage{product=Product{PRODUCT_ID=980030, MANUFACTURER_ID=19986196, PRODUCT_CODE=FW, PURCHASE_COST=59.95, QUANTITY_ON_HAND=250, MARKUP=40.0, AVAILABLE=TRUE, DESCRIPTION= 10Gb Ram}, timestamp=Sun Apr 14 18:54:50 CDT 2013, regionID=W}
ProductMessage{product=Product{PRODUCT_ID=978494, MANUFACTURER_ID=19977347, PRODUCT_CODE=BK, PURCHASE_COST=18.95, QUANTITY_ON_HAND=43, MARKUP=4.0, AVAILABLE=TRUE, DESCRIPTION= Learn Java in 1/2 hour}, timestamp=Sun Apr 14 18:54:51 CDT 2013, regionID=W}
ProductMessage{product=Product{PRODUCT_ID=978493, MANUFACTURER_ID=19977346, PRODUCT_CODE=BK, PURCHASE_COST=19.95, QUANTITY_ON_HAND=100, MARKUP=5.0, AVAILABLE=TRUE, DESCRIPTION= Client Server Testing}, timestamp=Sun Apr 14 18:54:51 CDT 2013, regionID=W}
ProductMessage{product=Product{PRODUCT_ID=980005, MANUFACTURER_ID=19986982, PRODUCT_CODE=SW, PURCHASE_COST=11500.99, QUANTITY_ON_HAND=500, MARKUP=55.25, AVAILABLE=TRUE, DESCRIPTION= Accounting Application}, timestamp=Sun Apr 14 18:54:52 CDT 2013, regionID=W}
ProductMessage{product=Product{PRODUCT_ID=980031, MANUFACTURER_ID=19986542, PRODUCT_CODE=SW, PURCHASE_COST=595.95, QUANTITY_ON_HAND=75, MARKUP=14.0, AVAILABLE=TRUE, DESCRIPTION= Sun Studio C++}, timestamp=Sun Apr 14 18:54:53 CDT 2013, regionID=W}
ProductMessage{product=Product{PRODUCT_ID=980032, MANUFACTURER_ID=19978451, PRODUCT_CODE=FW, PURCHASE_COST=39.95, QUANTITY_ON_HAND=50, MARKUP=25.5, AVAILABLE=TRUE, DESCRIPTION= Sound Card}, timestamp=Sun Apr 14 18:54:56 CDT 2013, regionID=W}
ProductMessage{product=Product{PRODUCT_ID=978494, MANUFACTURER_ID=19977347, PRODUCT_CODE=BK, PURCHASE_COST=18.95, QUANTITY_ON_HAND=43, MARKUP=4.0, AVAILABLE=TRUE, DESCRIPTION= Learn Java in 1/2 hour}, timestamp=Sun Apr 14 18:54:57 CDT 2013, regionID=W}
ProductMessage{product=Product{PRODUCT_ID=980032, MANUFACTURER_ID=19978451, PRODUCT_CODE=FW, PURCHASE_COST=39.95, QUANTITY_ON_HAND=50, MARKUP=25.5, AVAILABLE=TRUE, DESCRIPTION= Sound Card}, timestamp=Sun Apr 14 18:54:57 CDT 2013, regionID=W}
ProductMessage{product=Product{PRODUCT_ID=975789, MANUFACTURER_ID=19977775, PRODUCT_CODE=BK, PURCHASE_COST=29.98, QUANTITY_ON_HAND=25, MARKUP=5.0, AVAILABLE=TRUE, DESCRIPTION= Learn Solaris 10}, timestamp=Sun Apr 14 18:54:59 CDT 2013, regionID=W}
ProductMessage{product=Product{PRODUCT_ID=986712, MANUFACTURER_ID=19989719, PRODUCT_CODE=HW, PURCHASE_COST=69.95, QUANTITY_ON_HAND=1000, MARKUP=10.5, AVAILABLE=TRUE, DESCRIPTION= 512X IDE DVD-ROM}, timestamp=Sun Apr 14 18:55:01 CDT 2013, regionID=W}
ProductMessage{product=Product{PRODUCT_ID=975789, MANUFACTURER_ID=19977775, PRODUCT_CODE=BK, PURCHASE_COST=29.98, QUANTITY_ON_HAND=25, MARKUP=5.0, AVAILABLE=TRUE, DESCRIPTION= Learn Solaris 10}, timestamp=Sun Apr 14 18:55:02 CDT 2013, regionID=W}
ProductMessage{product=Product{PRODUCT_ID=980032, MANUFACTURER_ID=19978451, PRODUCT_CODE=FW, PURCHASE_COST=39.95, QUANTITY_ON_HAND=50, MARKUP=25.5, AVAILABLE=TRUE, DESCRIPTION= Sound Card}, timestamp=Sun Apr 14 18:55:02 CDT 2013, regionID=W}
ProductMessage{product=Product{PRODUCT_ID=986420, MANUFACTURER_ID=19955656, PRODUCT_CODE=SW, PURCHASE_COST=49.95, QUANTITY_ON_HAND=0, MARKUP=5.25, AVAILABLE=FALSE, DESCRIPTION= Directory Server}, timestamp=Sun Apr 14 18:55:03 CDT 2013, regionID=W}
ProductMessage{product=Product{PRODUCT_ID=980025, MANUFACTURER_ID=19974892, PRODUCT_CODE=HW, PURCHASE_COST=2095.99, QUANTITY_ON_HAND=3000, MARKUP=15.75, AVAILABLE=TRUE, DESCRIPTION= 1Ghz Sun Blade Computer}, timestamp=Sun Apr 14 18:55:03 CDT 2013, regionID=W}
ProductMessage{product=Product{PRODUCT_ID=986712, MANUFACTURER_ID=19989719, PRODUCT_CODE=HW, PURCHASE_COST=69.95, QUANTITY_ON_HAND=1000, MARKUP=10.5, AVAILABLE=TRUE, DESCRIPTION= 512X IDE DVD-ROM}, timestamp=Sun Apr 14 18:55:06 CDT 2013, regionID=W}
ProductMessage{product=Product{PRODUCT_ID=980025, MANUFACTURER_ID=19974892, PRODUCT_CODE=HW, PURCHASE_COST=2095.99, QUANTITY_ON_HAND=3000, MARKUP=15.75, AVAILABLE=TRUE, DESCRIPTION= 1Ghz Sun Blade Computer}, timestamp=Sun Apr 14 18:55:06 CDT 2013, regionID=W}
ProductMessage{product=Product{PRODUCT_ID=980500, MANUFACTURER_ID=19980198, PRODUCT_CODE=BK, PURCHASE_COST=29.95, QUANTITY_ON_HAND=1000, MARKUP=33.0, AVAILABLE=TRUE, DESCRIPTION= Learn NetBeans}, timestamp=Sun Apr 14 18:55:07 CDT 2013, regionID=W}
ProductMessage{product=Product{PRODUCT_ID=986710, MANUFACTURER_ID=19982461, PRODUCT_CODE=CB, PURCHASE_COST=15.98, QUANTITY_ON_HAND=400, MARKUP=30.0, AVAILABLE=TRUE, DESCRIPTION= Printer Cable}, timestamp=Sun Apr 14 18:55:07 CDT 2013, regionID=W}
ProductMessage{product=Product{PRODUCT_ID=964025, MANUFACTURER_ID=19963322, PRODUCT_CODE=SW, PURCHASE_COST=209.95, QUANTITY_ON_HAND=300, MARKUP=41.0, AVAILABLE=TRUE, DESCRIPTION= Jax WS Application Development Environment}, timestamp=Sun Apr 14 18:55:07 CDT 2013, regionID=W}
ProductMessage{product=Product{PRODUCT_ID=980025, MANUFACTURER_ID=19974892, PRODUCT_CODE=HW, PURCHASE_COST=2095.99, QUANTITY_ON_HAND=3000, MARKUP=15.75, AVAILABLE=TRUE, DESCRIPTION= 1Ghz Sun Blade Computer}, timestamp=Sun Apr 14 18:55:07 CDT 2013, regionID=W}
ProductMessage{product=Product{PRODUCT_ID=986712, MANUFACTURER_ID=19989719, PRODUCT_CODE=HW, PURCHASE_COST=69.95, QUANTITY_ON_HAND=1000, MARKUP=10.5, AVAILABLE=TRUE, DESCRIPTION= 512X IDE DVD-ROM}, timestamp=Sun Apr 14 18:55:14 CDT 2013, regionID=W}
ProductMessage{product=Product{PRODUCT_ID=986420, MANUFACTURER_ID=19955656, PRODUCT_CODE=SW, PURCHASE_COST=49.95, QUANTITY_ON_HAND=0, MARKUP=5.25, AVAILABLE=FALSE, DESCRIPTION= Directory Server}, timestamp=Sun Apr 14 18:55:15 CDT 2013, regionID=W}
ProductMessage{product=Product{PRODUCT_ID=978493, MANUFACTURER_ID=19977346, PRODUCT_CODE=BK, PURCHASE_COST=19.95, QUANTITY_ON_HAND=100, MARKUP=5.0, AVAILABLE=TRUE, DESCRIPTION= Client Server Testing}, timestamp=Sun Apr 14 18:55:16 CDT 2013, regionID=W}
ProductMessage{product=Product{PRODUCT_ID=986710, MANUFACTURER_ID=19982461, PRODUCT_CODE=CB, PURCHASE_COST=15.98, QUANTITY_ON_HAND=400, MARKUP=30.0, AVAILABLE=TRUE, DESCRIPTION= Printer Cable}, timestamp=Sun Apr 14 18:55:17 CDT 2013, regionID=W}
ProductMessage{product=Product{PRODUCT_ID=985510, MANUFACTURER_ID=19984899, PRODUCT_CODE=HW, PURCHASE_COST=595.0, QUANTITY_ON_HAND=800, MARKUP=5.75, AVAILABLE=TRUE, DESCRIPTION= 24 inch Digital Monitor}, timestamp=Sun Apr 14 18:55:18 CDT 2013, regionID=W}
ProductMessage{product=Product{PRODUCT_ID=980031, MANUFACTURER_ID=19986542, PRODUCT_CODE=SW, PURCHASE_COST=595.95, QUANTITY_ON_HAND=75, MARKUP=14.0, AVAILABLE=TRUE, DESCRIPTION= Sun Studio C++}, timestamp=Sun Apr 14 18:55:20 CDT 2013, regionID=W}
ProductMessage{product=Product{PRODUCT_ID=978493, MANUFACTURER_ID=19977346, PRODUCT_CODE=BK, PURCHASE_COST=19.95, QUANTITY_ON_HAND=100, MARKUP=5.0, AVAILABLE=TRUE, DESCRIPTION= Client Server Testing}, timestamp=Sun Apr 14 18:55:21 CDT 2013, regionID=W}
ProductMessage{product=Product{PRODUCT_ID=980001, MANUFACTURER_ID=19985678, PRODUCT_CODE=SW, PURCHASE_COST=1095.0, QUANTITY_ON_HAND=800000, MARKUP=8.25, AVAILABLE=TRUE, DESCRIPTION= Identity Server}, timestamp=Sun Apr 14 18:55:22 CDT 2013, regionID=W}
ProductMessage{product=Product{PRODUCT_ID=986420, MANUFACTURER_ID=19955656, PRODUCT_CODE=SW, PURCHASE_COST=49.95, QUANTITY_ON_HAND=0, MARKUP=5.25, AVAILABLE=FALSE, DESCRIPTION= Directory Server}, timestamp=Sun Apr 14 18:55:24 CDT 2013, regionID=W}
ProductMessage{product=Product{PRODUCT_ID=971266, MANUFACTURER_ID=19948494, PRODUCT_CODE=CB, PURCHASE_COST=25.95, QUANTITY_ON_HAND=500, MARKUP=30.0, AVAILABLE=TRUE, DESCRIPTION= Network Cable}, timestamp=Sun Apr 14 18:55:25 CDT 2013, regionID=W}
ProductMessage{product=Product{PRODUCT_ID=980001, MANUFACTURER_ID=19985678, PRODUCT_CODE=SW, PURCHASE_COST=1095.0, QUANTITY_ON_HAND=800000, MARKUP=8.25, AVAILABLE=TRUE, DESCRIPTION= Identity Server}, timestamp=Sun Apr 14 18:55:25 CDT 2013, regionID=W}
ProductMessage{product=Product{PRODUCT_ID=985510, MANUFACTURER_ID=19984899, PRODUCT_CODE=HW, PURCHASE_COST=595.0, QUANTITY_ON_HAND=800, MARKUP=5.75, AVAILABLE=TRUE, DESCRIPTION= 24 inch Digital Monitor}, timestamp=Sun Apr 14 18:55:26 CDT 2013, regionID=W}
ProductMessage{product=Product{PRODUCT_ID=975789, MANUFACTURER_ID=19977775, PRODUCT_CODE=BK, PURCHASE_COST=29.98, QUANTITY_ON_HAND=25, MARKUP=5.0, AVAILABLE=TRUE, DESCRIPTION= Learn Solaris 10}, timestamp=Sun Apr 14 18:55:29 CDT 2013, regionID=W}
ProductMessage{product=Product{PRODUCT_ID=978495, MANUFACTURER_ID=19977348, PRODUCT_CODE=BK, PURCHASE_COST=24.99, QUANTITY_ON_HAND=0, MARKUP=1.0, AVAILABLE=FALSE, DESCRIPTION= Writing Web Service Applications}, timestamp=Sun Apr 14 18:55:31 CDT 2013, regionID=W}
ProductMessage{product=Product{PRODUCT_ID=978494, MANUFACTURER_ID=19977347, PRODUCT_CODE=BK, PURCHASE_COST=18.95, QUANTITY_ON_HAND=43, MARKUP=4.0, AVAILABLE=TRUE, DESCRIPTION= Learn Java in 1/2 hour}, timestamp=Sun Apr 14 18:55:33 CDT 2013, regionID=W}
ProductMessage{product=Product{PRODUCT_ID=980031, MANUFACTURER_ID=19986542, PRODUCT_CODE=SW, PURCHASE_COST=595.95, QUANTITY_ON_HAND=75, MARKUP=14.0, AVAILABLE=TRUE, DESCRIPTION= Sun Studio C++}, timestamp=Sun Apr 14 18:55:33 CDT 2013, regionID=W}
ProductMessage{product=Product{PRODUCT_ID=964025, MANUFACTURER_ID=19963322, PRODUCT_CODE=SW, PURCHASE_COST=209.95, QUANTITY_ON_HAND=300, MARKUP=41.0, AVAILABLE=TRUE, DESCRIPTION= Jax WS Application Development Environment}, timestamp=Sun Apr 14 18:55:35 CDT 2013, regionID=W}
ProductMessage{product=Product{PRODUCT_ID=980030, MANUFACTURER_ID=19986196, PRODUCT_CODE=FW, PURCHASE_COST=59.95, QUANTITY_ON_HAND=250, MARKUP=40.0, AVAILABLE=TRUE, DESCRIPTION= 10Gb Ram}, timestamp=Sun Apr 14 18:55:41 CDT 2013, regionID=W}
ProductMessage{product=Product{PRODUCT_ID=978495, MANUFACTURER_ID=19977348, PRODUCT_CODE=BK, PURCHASE_COST=24.99, QUANTITY_ON_HAND=0, MARKUP=1.0, AVAILABLE=FALSE, DESCRIPTION= Writing Web Service Applications}, timestamp=Sun Apr 14 18:55:41 CDT 2013, regionID=W}
ProductMessage{product=Product{PRODUCT_ID=980601, MANUFACTURER_ID=19971233, PRODUCT_CODE=HW, PURCHASE_COST=2000.95, QUANTITY_ON_HAND=2000, MARKUP=25.0, AVAILABLE=TRUE, DESCRIPTION= 300Mhz Pentium Computer}, timestamp=Sun Apr 14 18:55:42 CDT 2013, regionID=W}
ProductMessage{product=Product{PRODUCT_ID=980032, MANUFACTURER_ID=19978451, PRODUCT_CODE=FW, PURCHASE_COST=39.95, QUANTITY_ON_HAND=50, MARKUP=25.5, AVAILABLE=TRUE, DESCRIPTION= Sound Card}, timestamp=Sun Apr 14 18:55:44 CDT 2013, regionID=W}
ProductMessage{product=Product{PRODUCT_ID=980005, MANUFACTURER_ID=19986982, PRODUCT_CODE=SW, PURCHASE_COST=11500.99, QUANTITY_ON_HAND=500, MARKUP=55.25, AVAILABLE=TRUE, DESCRIPTION= Accounting Application}, timestamp=Sun Apr 14 18:55:46 CDT 2013, regionID=W}
ProductMessage{product=Product{PRODUCT_ID=964025, MANUFACTURER_ID=19963322, PRODUCT_CODE=SW, PURCHASE_COST=209.95, QUANTITY_ON_HAND=300, MARKUP=41.0, AVAILABLE=TRUE, DESCRIPTION= Jax WS Application Development Environment}, timestamp=Sun Apr 14 18:55:46 CDT 2013, regionID=W}
ProductMessage{product=Product{PRODUCT_ID=978493, MANUFACTURER_ID=19977346, PRODUCT_CODE=BK, PURCHASE_COST=19.95, QUANTITY_ON_HAND=100, MARKUP=5.0, AVAILABLE=TRUE, DESCRIPTION= Client Server Testing}, timestamp=Sun Apr 14 18:55:48 CDT 2013, regionID=W}
ProductMessage{product=Product{PRODUCT_ID=980601, MANUFACTURER_ID=19971233, PRODUCT_CODE=HW, PURCHASE_COST=2000.95, QUANTITY_ON_HAND=2000, MARKUP=25.0, AVAILABLE=TRUE, DESCRIPTION= 300Mhz Pentium Computer}, timestamp=Sun Apr 14 18:55:48 CDT 2013, regionID=W}
ProductMessage{product=Product{PRODUCT_ID=978493, MANUFACTURER_ID=19977346, PRODUCT_CODE=BK, PURCHASE_COST=19.95, QUANTITY_ON_HAND=100, MARKUP=5.0, AVAILABLE=TRUE, DESCRIPTION= Client Server Testing}, timestamp=Sun Apr 14 18:55:49 CDT 2013, regionID=W}
ProductMessage{product=Product{PRODUCT_ID=978495, MANUFACTURER_ID=19977348, PRODUCT_CODE=BK, PURCHASE_COST=24.99, QUANTITY_ON_HAND=0, MARKUP=1.0, AVAILABLE=FALSE, DESCRIPTION= Writing Web Service Applications}, timestamp=Sun Apr 14 18:55:50 CDT 2013, regionID=W}
ProductMessage{product=Product{PRODUCT_ID=978493, MANUFACTURER_ID=19977346, PRODUCT_CODE=BK, PURCHASE_COST=19.95, QUANTITY_ON_HAND=100, MARKUP=5.0, AVAILABLE=TRUE, DESCRIPTION= Client Server Testing}, timestamp=Sun Apr 14 18:55:50 CDT 2013, regionID=W}
ProductMessage{product=Product{PRODUCT_ID=980025, MANUFACTURER_ID=19974892, PRODUCT_CODE=HW, PURCHASE_COST=2095.99, QUANTITY_ON_HAND=3000, MARKUP=15.75, AVAILABLE=TRUE, DESCRIPTION= 1Ghz Sun Blade Computer}, timestamp=Sun Apr 14 18:55:55 CDT 2013, regionID=W}
ProductMessage{product=Product{PRODUCT_ID=975789, MANUFACTURER_ID=19977775, PRODUCT_CODE=BK, PURCHASE_COST=29.98, QUANTITY_ON_HAND=25, MARKUP=5.0, AVAILABLE=TRUE, DESCRIPTION= Learn Solaris 10}, timestamp=Sun Apr 14 18:55:56 CDT 2013, regionID=W}
ProductMessage{product=Product{PRODUCT_ID=980005, MANUFACTURER_ID=19986982, PRODUCT_CODE=SW, PURCHASE_COST=11500.99, QUANTITY_ON_HAND=500, MARKUP=55.25, AVAILABLE=TRUE, DESCRIPTION= Accounting Application}, timestamp=Sun Apr 14 18:55:57 CDT 2013, regionID=W}
ProductMessage{product=Product{PRODUCT_ID=975789, MANUFACTURER_ID=19977775, PRODUCT_CODE=BK, PURCHASE_COST=29.98, QUANTITY_ON_HAND=25, MARKUP=5.0, AVAILABLE=TRUE, DESCRIPTION= Learn Solaris 10}, timestamp=Sun Apr 14 18:55:57 CDT 2013, regionID=W}
ProductMessage{product=Product{PRODUCT_ID=980005, MANUFACTURER_ID=19986982, PRODUCT_CODE=SW, PURCHASE_COST=11500.99, QUANTITY_ON_HAND=500, MARKUP=55.25, AVAILABLE=TRUE, DESCRIPTION= Accounting Application}, timestamp=Sun Apr 14 18:55:58 CDT 2013, regionID=W}
