<?xml version="1.0" encoding="UTF-8"?>
<project-private xmlns="http://www.netbeans.org/ns/project-private/1">
    <editor-bookmarks xmlns="http://www.netbeans.org/ns/editor-bookmarks/2" lastBookmarkId="0"/>
    <open-files xmlns="http://www.netbeans.org/ns/projectui-open-files/1">
        <file>file:/C:/Users/MeghaVinay/Documents/NetBeansProjects/MP4/src/utilities/JDBCUtilities.java</file>
        <file>file:/C:/Users/MeghaVinay/Documents/NetBeansProjects/MP4/src/utilities/UtilityFunctions.java</file>
        <file>file:/C:/Users/MeghaVinay/Documents/NetBeansProjects/MP4/src/driver/MP4.java</file>
    </open-files>
</project-private>
